-- Automatically generated by SQLQueryTestSuite
-- Number of queries: 96


-- !query
CREATE TEMPORARY VIEW t AS select '2011-05-06 07:08:09.1234567' as c, interval 10 year 20 month 30 day 40 hour 50 minute 6.7890 second as i
-- !query schema
struct<>
-- !query output



-- !query
select extract(year from c), extract(year from i) from t
-- !query schema
struct<extract('year' FROM t.`c`):int,extract('year' FROM t.`i`):int>
-- !query output
2011	11


-- !query
select extract(y from c), extract(y from i) from t
-- !query schema
struct<extract('y' FROM t.`c`):int,extract('y' FROM t.`i`):int>
-- !query output
2011	11


-- !query
select extract(years from c), extract(years from i) from t
-- !query schema
struct<extract('years' FROM t.`c`):int,extract('years' FROM t.`i`):int>
-- !query output
2011	11


-- !query
select extract(yr from c), extract(yr from i) from t
-- !query schema
struct<extract('yr' FROM t.`c`):int,extract('yr' FROM t.`i`):int>
-- !query output
2011	11


-- !query
select extract(yrs from c), extract(yrs from i) from t
-- !query schema
struct<extract('yrs' FROM t.`c`):int,extract('yrs' FROM t.`i`):int>
-- !query output
2011	11


-- !query
select extract(yearofweek from c) from t
-- !query schema
struct<extract('yearofweek' FROM t.`c`):int>
-- !query output
2011


-- !query
select extract(quarter from c) from t
-- !query schema
struct<extract('quarter' FROM t.`c`):int>
-- !query output
2


-- !query
select extract(qtr from c) from t
-- !query schema
struct<extract('qtr' FROM t.`c`):int>
-- !query output
2


-- !query
select extract(month from c), extract(month from i) from t
-- !query schema
struct<extract('month' FROM t.`c`):int,extract('month' FROM t.`i`):tinyint>
-- !query output
5	8


-- !query
select extract(mon from c), extract(mon from i) from t
-- !query schema
struct<extract('mon' FROM t.`c`):int,extract('mon' FROM t.`i`):tinyint>
-- !query output
5	8


-- !query
select extract(mons from c), extract(mons from i) from t
-- !query schema
struct<extract('mons' FROM t.`c`):int,extract('mons' FROM t.`i`):tinyint>
-- !query output
5	8


-- !query
select extract(months from c), extract(months from i) from t
-- !query schema
struct<extract('months' FROM t.`c`):int,extract('months' FROM t.`i`):tinyint>
-- !query output
5	8


-- !query
select extract(week from c) from t
-- !query schema
struct<extract('week' FROM t.`c`):int>
-- !query output
18


-- !query
select extract(w from c) from t
-- !query schema
struct<extract('w' FROM t.`c`):int>
-- !query output
18


-- !query
select extract(weeks from c) from t
-- !query schema
struct<extract('weeks' FROM t.`c`):int>
-- !query output
18


-- !query
select extract(day from c), extract(day from i) from t
-- !query schema
struct<extract('day' FROM t.`c`):int,extract('day' FROM t.`i`):int>
-- !query output
6	31


-- !query
select extract(d from c), extract(d from i) from t
-- !query schema
struct<extract('d' FROM t.`c`):int,extract('d' FROM t.`i`):int>
-- !query output
6	31


-- !query
select extract(days from c), extract(days from i) from t
-- !query schema
struct<extract('days' FROM t.`c`):int,extract('days' FROM t.`i`):int>
-- !query output
6	31


-- !query
select extract(dayofweek from c) from t
-- !query schema
struct<extract('dayofweek' FROM t.`c`):int>
-- !query output
6


-- !query
select extract(dow from c) from t
-- !query schema
struct<extract('dow' FROM t.`c`):int>
-- !query output
6


-- !query
select extract(dayofweek_iso from c) from t
-- !query schema
struct<extract('dayofweek_iso' FROM t.`c`):int>
-- !query output
5


-- !query
select extract(dow_iso from c) from t
-- !query schema
struct<extract('dow_iso' FROM t.`c`):int>
-- !query output
5


-- !query
select extract(doy from c) from t
-- !query schema
struct<extract('doy' FROM t.`c`):int>
-- !query output
126


-- !query
select extract(hour from c), extract(hour from i) from t
-- !query schema
struct<extract('hour' FROM t.`c`):int,extract('hour' FROM t.`i`):bigint>
-- !query output
7	16


-- !query
select extract(h from c), extract(h from i) from t
-- !query schema
struct<extract('h' FROM t.`c`):int,extract('h' FROM t.`i`):bigint>
-- !query output
7	16


-- !query
select extract(hours from c), extract(hours from i) from t
-- !query schema
struct<extract('hours' FROM t.`c`):int,extract('hours' FROM t.`i`):bigint>
-- !query output
7	16


-- !query
select extract(hr from c), extract(hr from i) from t
-- !query schema
struct<extract('hr' FROM t.`c`):int,extract('hr' FROM t.`i`):bigint>
-- !query output
7	16


-- !query
select extract(hrs from c), extract(hrs from i) from t
-- !query schema
struct<extract('hrs' FROM t.`c`):int,extract('hrs' FROM t.`i`):bigint>
-- !query output
7	16


-- !query
select extract(minute from c), extract(minute from i) from t
-- !query schema
struct<extract('minute' FROM t.`c`):int,extract('minute' FROM t.`i`):tinyint>
-- !query output
8	50


-- !query
select extract(m from c), extract(m from i) from t
-- !query schema
struct<extract('m' FROM t.`c`):int,extract('m' FROM t.`i`):tinyint>
-- !query output
8	50


-- !query
select extract(min from c), extract(min from i) from t
-- !query schema
struct<extract('min' FROM t.`c`):int,extract('min' FROM t.`i`):tinyint>
-- !query output
8	50


-- !query
select extract(mins from c), extract(mins from i) from t
-- !query schema
struct<extract('mins' FROM t.`c`):int,extract('mins' FROM t.`i`):tinyint>
-- !query output
8	50


-- !query
select extract(minutes from c), extract(minutes from i) from t
-- !query schema
struct<extract('minutes' FROM t.`c`):int,extract('minutes' FROM t.`i`):tinyint>
-- !query output
8	50


-- !query
select extract(second from c), extract(second from i) from t
-- !query schema
struct<extract('second' FROM t.`c`):decimal(8,6),extract('second' FROM t.`i`):decimal(8,6)>
-- !query output
9.123456	6.789000


-- !query
select extract(s from c), extract(s from i) from t
-- !query schema
struct<extract('s' FROM t.`c`):decimal(8,6),extract('s' FROM t.`i`):decimal(8,6)>
-- !query output
9.123456	6.789000


-- !query
select extract(sec from c), extract(sec from i) from t
-- !query schema
struct<extract('sec' FROM t.`c`):decimal(8,6),extract('sec' FROM t.`i`):decimal(8,6)>
-- !query output
9.123456	6.789000


-- !query
select extract(seconds from c), extract(seconds from i) from t
-- !query schema
struct<extract('seconds' FROM t.`c`):decimal(8,6),extract('seconds' FROM t.`i`):decimal(8,6)>
-- !query output
9.123456	6.789000


-- !query
select extract(secs from c), extract(secs from i) from t
-- !query schema
struct<extract('secs' FROM t.`c`):decimal(8,6),extract('secs' FROM t.`i`):decimal(8,6)>
-- !query output
9.123456	6.789000


-- !query
select extract(not_supported from c) from t
-- !query schema
struct<>
-- !query output
org.apache.spark.sql.AnalysisException
Literals of type 'not_supported' are currently not supported for the string type.;; line 1 pos 7


-- !query
select extract(not_supported from i) from t
-- !query schema
struct<>
-- !query output
org.apache.spark.sql.AnalysisException
Literals of type 'not_supported' are currently not supported for the interval type.;; line 1 pos 7


-- !query
select date_part('year', c), date_part('year', i) from t
-- !query schema
struct<date_part('year', t.`c`):int,date_part('year', t.`i`):int>
-- !query output
2011	11


-- !query
select date_part('y', c), date_part('y', i) from t
-- !query schema
struct<date_part('y', t.`c`):int,date_part('y', t.`i`):int>
-- !query output
2011	11


-- !query
select date_part('years', c), date_part('years', i) from t
-- !query schema
struct<date_part('years', t.`c`):int,date_part('years', t.`i`):int>
-- !query output
2011	11


-- !query
select date_part('yr', c), date_part('yr', i) from t
-- !query schema
struct<date_part('yr', t.`c`):int,date_part('yr', t.`i`):int>
-- !query output
2011	11


-- !query
select date_part('yrs', c), date_part('yrs', i) from t
-- !query schema
struct<date_part('yrs', t.`c`):int,date_part('yrs', t.`i`):int>
-- !query output
2011	11


-- !query
select date_part('yearofweek', c) from t
-- !query schema
struct<date_part('yearofweek', t.`c`):int>
-- !query output
2011


-- !query
select date_part('quarter', c) from t
-- !query schema
struct<date_part('quarter', t.`c`):int>
-- !query output
2


-- !query
select date_part('qtr', c) from t
-- !query schema
struct<date_part('qtr', t.`c`):int>
-- !query output
2


-- !query
select date_part('month', c), date_part('month', i) from t
-- !query schema
struct<date_part('month', t.`c`):int,date_part('month', t.`i`):tinyint>
-- !query output
5	8


-- !query
select date_part('mon', c), date_part('mon', i) from t
-- !query schema
struct<date_part('mon', t.`c`):int,date_part('mon', t.`i`):tinyint>
-- !query output
5	8


-- !query
select date_part('mons', c), date_part('mons', i) from t
-- !query schema
struct<date_part('mons', t.`c`):int,date_part('mons', t.`i`):tinyint>
-- !query output
5	8


-- !query
select date_part('months', c), date_part('months', i) from t
-- !query schema
struct<date_part('months', t.`c`):int,date_part('months', t.`i`):tinyint>
-- !query output
5	8


-- !query
select date_part('week', c) from t
-- !query schema
struct<date_part('week', t.`c`):int>
-- !query output
18


-- !query
select date_part('w', c) from t
-- !query schema
struct<date_part('w', t.`c`):int>
-- !query output
18


-- !query
select date_part('weeks', c) from t
-- !query schema
struct<date_part('weeks', t.`c`):int>
-- !query output
18


-- !query
select date_part('day', c), date_part('day', i) from t
-- !query schema
struct<date_part('day', t.`c`):int,date_part('day', t.`i`):int>
-- !query output
6	31


-- !query
select date_part('d', c), date_part('d', i) from t
-- !query schema
struct<date_part('d', t.`c`):int,date_part('d', t.`i`):int>
-- !query output
6	31


-- !query
select date_part('days', c), date_part('days', i) from t
-- !query schema
struct<date_part('days', t.`c`):int,date_part('days', t.`i`):int>
-- !query output
6	31


-- !query
select date_part('dayofweek', c) from t
-- !query schema
struct<date_part('dayofweek', t.`c`):int>
-- !query output
6


-- !query
select date_part('dow', c) from t
-- !query schema
struct<date_part('dow', t.`c`):int>
-- !query output
6


-- !query
select date_part('dayofweek_iso', c) from t
-- !query schema
struct<date_part('dayofweek_iso', t.`c`):int>
-- !query output
5


-- !query
select date_part('dow_iso', c) from t
-- !query schema
struct<date_part('dow_iso', t.`c`):int>
-- !query output
5


-- !query
select date_part('doy', c) from t
-- !query schema
struct<date_part('doy', t.`c`):int>
-- !query output
126


-- !query
select date_part('hour', c), date_part('hour', i) from t
-- !query schema
struct<date_part('hour', t.`c`):int,date_part('hour', t.`i`):bigint>
-- !query output
7	16


-- !query
select date_part('h', c), date_part('h', i) from t
-- !query schema
struct<date_part('h', t.`c`):int,date_part('h', t.`i`):bigint>
-- !query output
7	16


-- !query
select date_part('hours', c), date_part('hours', i) from t
-- !query schema
struct<date_part('hours', t.`c`):int,date_part('hours', t.`i`):bigint>
-- !query output
7	16


-- !query
select date_part('hr', c), date_part('hr', i) from t
-- !query schema
struct<date_part('hr', t.`c`):int,date_part('hr', t.`i`):bigint>
-- !query output
7	16


-- !query
select date_part('hrs', c), date_part('hrs', i) from t
-- !query schema
struct<date_part('hrs', t.`c`):int,date_part('hrs', t.`i`):bigint>
-- !query output
7	16


-- !query
select date_part('minute', c), date_part('minute', i) from t
-- !query schema
struct<date_part('minute', t.`c`):int,date_part('minute', t.`i`):tinyint>
-- !query output
8	50


-- !query
select date_part('m', c), date_part('m', i) from t
-- !query schema
struct<date_part('m', t.`c`):int,date_part('m', t.`i`):tinyint>
-- !query output
8	50


-- !query
select date_part('min', c), date_part('min', i) from t
-- !query schema
struct<date_part('min', t.`c`):int,date_part('min', t.`i`):tinyint>
-- !query output
8	50


-- !query
select date_part('mins', c), date_part('mins', i) from t
-- !query schema
struct<date_part('mins', t.`c`):int,date_part('mins', t.`i`):tinyint>
-- !query output
8	50


-- !query
select date_part('minutes', c), date_part('minutes', i) from t
-- !query schema
struct<date_part('minutes', t.`c`):int,date_part('minutes', t.`i`):tinyint>
-- !query output
8	50


-- !query
select date_part('second', c), date_part('second', i) from t
-- !query schema
struct<date_part('second', t.`c`):decimal(8,6),date_part('second', t.`i`):decimal(8,6)>
-- !query output
9.123456	6.789000


-- !query
select date_part('s', c), date_part('s', i) from t
-- !query schema
struct<date_part('s', t.`c`):decimal(8,6),date_part('s', t.`i`):decimal(8,6)>
-- !query output
9.123456	6.789000


-- !query
select date_part('sec', c), date_part('sec', i) from t
-- !query schema
struct<date_part('sec', t.`c`):decimal(8,6),date_part('sec', t.`i`):decimal(8,6)>
-- !query output
9.123456	6.789000


-- !query
select date_part('seconds', c), date_part('seconds', i) from t
-- !query schema
struct<date_part('seconds', t.`c`):decimal(8,6),date_part('seconds', t.`i`):decimal(8,6)>
-- !query output
9.123456	6.789000


-- !query
select date_part('secs', c), date_part('secs', i) from t
-- !query schema
struct<date_part('secs', t.`c`):decimal(8,6),date_part('secs', t.`i`):decimal(8,6)>
-- !query output
9.123456	6.789000


-- !query
select date_part('not_supported', c) from t
-- !query schema
struct<>
-- !query output
org.apache.spark.sql.AnalysisException
Literals of type 'not_supported' are currently not supported for the string type.;; line 1 pos 7


-- !query
select date_part(c, c) from t
-- !query schema
struct<>
-- !query output
org.apache.spark.sql.AnalysisException
The field parameter needs to be a foldable string value.;; line 1 pos 7


-- !query
select date_part(null, c) from t
-- !query schema
struct<date_part(NULL, t.`c`):double>
-- !query output
NULL


-- !query
select date_part(i, i) from t
-- !query schema
struct<>
-- !query output
org.apache.spark.sql.AnalysisException
The field parameter needs to be a foldable string value.;; line 1 pos 7


-- !query
select date_part(null, i) from t
-- !query schema
struct<date_part(NULL, t.`i`):double>
-- !query output
NULL


-- !query
select extract('year', c) from t
-- !query schema
struct<extract('year' FROM t.`c`):int>
-- !query output
2011


-- !query
select extract('quarter', c) from t
-- !query schema
struct<extract('quarter' FROM t.`c`):int>
-- !query output
2


-- !query
select extract('month', c) from t
-- !query schema
struct<extract('month' FROM t.`c`):int>
-- !query output
5


-- !query
select extract('week', c) from t
-- !query schema
struct<extract('week' FROM t.`c`):int>
-- !query output
18


-- !query
select extract('day', c) from t
-- !query schema
struct<extract('day' FROM t.`c`):int>
-- !query output
6


-- !query
select extract('days', c) from t
-- !query schema
struct<extract('days' FROM t.`c`):int>
-- !query output
6


-- !query
select extract('dayofweek', c) from t
-- !query schema
struct<extract('dayofweek' FROM t.`c`):int>
-- !query output
6


-- !query
select extract('dow', c) from t
-- !query schema
struct<extract('dow' FROM t.`c`):int>
-- !query output
6


-- !query
select extract('doy', c) from t
-- !query schema
struct<extract('doy' FROM t.`c`):int>
-- !query output
126


-- !query
select extract('hour', c) from t
-- !query schema
struct<extract('hour' FROM t.`c`):int>
-- !query output
7


-- !query
select extract('minute', c) from t
-- !query schema
struct<extract('minute' FROM t.`c`):int>
-- !query output
8


-- !query
select extract('second', c) from t
-- !query schema
struct<extract('second' FROM t.`c`):decimal(8,6)>
-- !query output
9.123456
